Model,K,PrecisionAtK,RecallAtK,HitRateAtK,CatalogCoverage,UniqueRecommendedProducts
Item-Based Collaborative Filtering,5,0.17338975082275507,0.09434071999234686,0.4685002350728726,0.36361669911313,1681
Matrix Factorization,5,0.1525152797367184,0.06365267714498125,0.43441466854724964,0.058403634003893576,270
Popularity Baseline,5,0.0699106723084156,0.02526759890728606,0.2849083215796897,0.001081548777849881,5
Item-Based Collaborative Filtering,10,0.14478138222849085,0.13960506318524873,0.5867418899858956,0.49664719878866537,2296
Matrix Factorization,10,0.12611659614480492,0.09868062186619415,0.5409026798307476,0.08479342418343068,392
Popularity Baseline,10,0.05232722143864598,0.03480188781750213,0.3535496003761166,0.002163097555699762,10
Item-Based Collaborative Filtering,20,0.11338740009402916,0.19423760867128756,0.7007522331922896,0.6084793424183431,2813
Matrix Factorization,20,0.10300893276915846,0.15133360665730952,0.6582040432534085,0.12762275578628596,590
Popularity Baseline,20,0.04576868829337094,0.059773913616952924,0.4920075223319229,0.004326195111399524,20
